,job_title,company,location,link
0,Content Creator,Nala Feminist Collective,"New York, NY",https://www.linkedin.com/jobs/view/content-creator-at-nala-feminist-collective-4158307154?position=1&pageNum=0&refId=BD8jd64lrDqDoNiRoVV9ZA%3D%3D&trackingId=OjzVSGsTHdphK05EnUg%2BjA%3D%3D
1,Junior Varsity Baseball Assistant Coach,San Francisco University High School,"San Francisco, CA",https://www.linkedin.com/jobs/view/junior-varsity-baseball-assistant-coach-at-san-francisco-university-high-school-4158953564?position=2&pageNum=0&refId=BD8jd64lrDqDoNiRoVV9ZA%3D%3D&trackingId=HPAgoCUA4GOvnxBhKFQlcA%3D%3D
2,Breakthrough Summerbridge Instructional Coach,San Francisco University High School,"San Francisco, CA",https://www.linkedin.com/jobs/view/breakthrough-summerbridge-instructional-coach-at-san-francisco-university-high-school-4158956092?position=3&pageNum=0&refId=BD8jd64lrDqDoNiRoVV9ZA%3D%3D&trackingId=o%2FK%2BrqbLGaCNzJaBd%2Bli9A%3D%3D
3,Engagement - Social Media Specialist,The University Star,"San Marcos, TX",https://www.linkedin.com/jobs/view/engagement-social-media-specialist-at-the-university-star-4158378365?position=4&pageNum=0&refId=BD8jd64lrDqDoNiRoVV9ZA%3D%3D&trackingId=3PyLVvWTuem5iOPcAvA60A%3D%3D
4,Tutors- Middle and High School,King's Ridge Christian School,"Alpharetta, GA",https://www.linkedin.com/jobs/view/tutors-middle-and-high-school-at-king-s-ridge-christian-school-4158912722?position=5&pageNum=0&refId=BD8jd64lrDqDoNiRoVV9ZA%3D%3D&trackingId=gr%2F3lwDtIX1fp7bqj7NY1A%3D%3D
5,Snow Warrior,The Essex Resort & Spa,"Essex Junction, VT",https://www.linkedin.com/jobs/view/snow-warrior-at-the-essex-resort-spa-4159260615?position=6&pageNum=0&refId=BD8jd64lrDqDoNiRoVV9ZA%3D%3D&trackingId=igF5Z%2FMFpKwVRnPNANI7Wg%3D%3D
6,2025 Vietnam Veterans Day 5k,PATH Foundation,"Midland, VA",https://www.linkedin.com/jobs/view/2025-vietnam-veterans-day-5k-at-path-foundation-4155470983?position=7&pageNum=0&refId=BD8jd64lrDqDoNiRoVV9ZA%3D%3D&trackingId=JdhJOsWtt8dRjEyd3nChWw%3D%3D
7,Welcome Desk,PATH Foundation,"Midland, VA",https://www.linkedin.com/jobs/view/welcome-desk-at-path-foundation-4155472868?position=8&pageNum=0&refId=BD8jd64lrDqDoNiRoVV9ZA%3D%3D&trackingId=839BTN137pvwPDHCOUQ2CQ%3D%3D
8,Asst. HS Football Coach - Volunteer,REGIONAL SCHOOL DISTRICT 17,"Higganum, CT",https://www.linkedin.com/jobs/view/asst-hs-football-coach-volunteer-at-regional-school-district-17-4158358883?position=9&pageNum=0&refId=BD8jd64lrDqDoNiRoVV9ZA%3D%3D&trackingId=VxZuFs7habRrZ4MlCm%2FM4Q%3D%3D
9,Non-Paid Event Support Volunteer,Workforce Solutions Borderplex,"El Paso, TX",https://www.linkedin.com/jobs/view/non-paid-event-support-volunteer-at-workforce-solutions-borderplex-4156572357?position=10&pageNum=0&refId=BD8jd64lrDqDoNiRoVV9ZA%3D%3D&trackingId=9lWTOo10XbDFusDE2fFbdA%3D%3D
10,Beekeeper,Thrive Health Systems,"Colorado Springs, CO",https://www.linkedin.com/jobs/view/beekeeper-at-thrive-health-systems-4154720229?position=11&pageNum=0&refId=BD8jd64lrDqDoNiRoVV9ZA%3D%3D&trackingId=ZXqLkQ6G2q8o7VOMuAbfFQ%3D%3D
11,Girls Varsity Soccer Assistant Coach,San Francisco University High School,"San Francisco, CA",https://www.linkedin.com/jobs/view/girls-varsity-soccer-assistant-coach-at-san-francisco-university-high-school-4158952391?position=12&pageNum=0&refId=BD8jd64lrDqDoNiRoVV9ZA%3D%3D&trackingId=2oR9ufaACC%2Bm3uEREyfM4A%3D%3D
12,Food Pantry Volunteer,Villa Maria College,"Buffalo, NY",https://www.linkedin.com/jobs/view/food-pantry-volunteer-at-villa-maria-college-4157226201?position=13&pageNum=0&refId=BD8jd64lrDqDoNiRoVV9ZA%3D%3D&trackingId=UvQq%2FjDU2ipKnAE7X61Aeg%3D%3D
13,Volunteer Opportunities - Pet / Animal Related / Special Skills,Furry Fellas LLC -Dog Walking & Pet Sitting,"Rhode Island, United States",https://www.linkedin.com/jobs/view/volunteer-opportunities-pet-animal-related-special-skills-at-furry-fellas-llc-dog-walking-pet-sitting-4158950023?position=14&pageNum=0&refId=BD8jd64lrDqDoNiRoVV9ZA%3D%3D&trackingId=VKkXCHdqw9%2F9W0k76K3Mxg%3D%3D
14,AVID TUTORS,Hillsboro School District,"St Helens, OR",https://www.linkedin.com/jobs/view/avid-tutors-at-hillsboro-school-district-4158375799?position=15&pageNum=0&refId=BD8jd64lrDqDoNiRoVV9ZA%3D%3D&trackingId=L3iQP18JpYqJuxRI1oJDPQ%3D%3D
15,Game Day Operations Specialist,San Francisco University High School,"San Francisco, CA",https://www.linkedin.com/jobs/view/game-day-operations-specialist-at-san-francisco-university-high-school-4158950535?position=16&pageNum=0&refId=BD8jd64lrDqDoNiRoVV9ZA%3D%3D&trackingId=icSqfQbb4SG81gWbongxcA%3D%3D
16,Volunteer Opportunities!,Hospice of North Carolina,"Hayesville, NC",https://www.linkedin.com/jobs/view/volunteer-opportunities%21-at-hospice-of-north-carolina-4155415985?position=17&pageNum=0&refId=BD8jd64lrDqDoNiRoVV9ZA%3D%3D&trackingId=aQrhhEXhMbJI7TiiewXnwA%3D%3D
17,24-25 SY Foster Grandparent,Deming Public Schools,"Deming, NM",https://www.linkedin.com/jobs/view/24-25-sy-foster-grandparent-at-deming-public-schools-4157226782?position=18&pageNum=0&refId=BD8jd64lrDqDoNiRoVV9ZA%3D%3D&trackingId=dqgGH2gD%2FBs6CjF4L2tX7A%3D%3D
18,Volunteer Opportunities!,Hospice of North Carolina,"Robbinsville, NC",https://www.linkedin.com/jobs/view/volunteer-opportunities%21-at-hospice-of-north-carolina-4155424008?position=19&pageNum=0&refId=BD8jd64lrDqDoNiRoVV9ZA%3D%3D&trackingId=UjaWcrCHrvcVFRN6Os2EIw%3D%3D
19,Ferndale Police Auxiliary Officer,"City of Ferndale, Michigan","Ferndale, MI",https://www.linkedin.com/jobs/view/ferndale-police-auxiliary-officer-at-city-of-ferndale-michigan-4158379101?position=20&pageNum=0&refId=BD8jd64lrDqDoNiRoVV9ZA%3D%3D&trackingId=lZR2liPy%2BVqVoH4%2Fx1DcDQ%3D%3D
20,Volunteer Opportunities!,Hospice of North Carolina,"Murphy, NC",https://www.linkedin.com/jobs/view/volunteer-opportunities%21-at-hospice-of-north-carolina-4155420412?position=21&pageNum=0&refId=BD8jd64lrDqDoNiRoVV9ZA%3D%3D&trackingId=M0apvjM7jOQc5VGKVCxrwg%3D%3D
21,Athletic Event Worker - NorthWood High School,Indianapolis Public Schools,"Nappanee, IN",https://www.linkedin.com/jobs/view/athletic-event-worker-northwood-high-school-at-indianapolis-public-schools-4158378868?position=22&pageNum=0&refId=BD8jd64lrDqDoNiRoVV9ZA%3D%3D&trackingId=O4mCjRZwV7FuyBMWravY8A%3D%3D
22,Resort Host - Volunteer,Loon Mountain Resort,"Lincoln, NH",https://www.linkedin.com/jobs/view/resort-host-volunteer-at-loon-mountain-resort-4158361810?position=23&pageNum=0&refId=BD8jd64lrDqDoNiRoVV9ZA%3D%3D&trackingId=QN85DMMsfbgf8bNZVKZbjA%3D%3D
23,Volunteer,TANQUE VERDE UNIFIED SCHOOL DISTRICT,"Tucson, AZ",https://www.linkedin.com/jobs/view/volunteer-at-tanque-verde-unified-school-district-4157222568?position=24&pageNum=0&refId=BD8jd64lrDqDoNiRoVV9ZA%3D%3D&trackingId=yC4ECldYD6Fgk9xWh%2BpOCA%3D%3D
24,High School Volunteer Application,Equality Charter School,"Bronx, NY",https://www.linkedin.com/jobs/view/high-school-volunteer-application-at-equality-charter-school-4157224542?position=25&pageNum=0&refId=BD8jd64lrDqDoNiRoVV9ZA%3D%3D&trackingId=4UmopQ68Xxx83BGyCpA2yQ%3D%3D
25,Volunteer,City of Southfield,"Southfield, MI",https://www.linkedin.com/jobs/view/volunteer-at-city-of-southfield-4157221573?position=26&pageNum=0&refId=BD8jd64lrDqDoNiRoVV9ZA%3D%3D&trackingId=ZZiBWllC5ZArrSwUm2NPOA%3D%3D
26,Assistant Volunteer Swim Coach,OLYMPIA CUSD 16,"Stanford, IL",https://www.linkedin.com/jobs/view/assistant-volunteer-swim-coach-at-olympia-cusd-16-4158381307?position=27&pageNum=0&refId=BD8jd64lrDqDoNiRoVV9ZA%3D%3D&trackingId=BNr6wevFseWCkcW4PB%2Fm0w%3D%3D
27,Track Assistant Coach,Meeting Street,"Providence, RI",https://www.linkedin.com/jobs/view/track-assistant-coach-at-meeting-street-4158959772?position=28&pageNum=0&refId=BD8jd64lrDqDoNiRoVV9ZA%3D%3D&trackingId=tuyvHweTHR0%2BqUr4umVSsQ%3D%3D
28,Volunteer Ambassador,Capital One Hall,"Virginia, United States",https://www.linkedin.com/jobs/view/volunteer-ambassador-at-capital-one-hall-4158193000?position=29&pageNum=0&refId=BD8jd64lrDqDoNiRoVV9ZA%3D%3D&trackingId=cRpKmB56vq9dW2ZcsBBiWA%3D%3D
29,Middle School Volunteer Application,Equality Charter School,"Bronx, NY",https://www.linkedin.com/jobs/view/middle-school-volunteer-application-at-equality-charter-school-4157229061?position=30&pageNum=0&refId=BD8jd64lrDqDoNiRoVV9ZA%3D%3D&trackingId=2dEymd3ih3dKq4Qs9h1h1Q%3D%3D
30,Ohio Village Muffins & Diamonds Vintage Base Ball Program Volunteer,Ohio History Connection,"Columbus, OH",https://www.linkedin.com/jobs/view/ohio-village-muffins-diamonds-vintage-base-ball-program-volunteer-at-ohio-history-connection-4158907523?position=31&pageNum=0&refId=BD8jd64lrDqDoNiRoVV9ZA%3D%3D&trackingId=u084q6QCOJAdhz2L45ycsQ%3D%3D
31,Volunteer Opportunities!,Hospice of North Carolina,"Andrews, NC",https://www.linkedin.com/jobs/view/volunteer-opportunities%21-at-hospice-of-north-carolina-4155423238?position=32&pageNum=0&refId=BD8jd64lrDqDoNiRoVV9ZA%3D%3D&trackingId=GKsv48zwYdn8Iy2nDY%2B23A%3D%3D
32,2025-26 Assistant Football Coach (Varsity Defensive Line) - Paradise Valley HS,Paradise Valley Unified School District,"Phoenix, AZ",https://www.linkedin.com/jobs/view/2025-26-assistant-football-coach-varsity-defensive-line-paradise-valley-hs-at-paradise-valley-unified-school-district-4159241735?position=33&pageNum=0&refId=BD8jd64lrDqDoNiRoVV9ZA%3D%3D&trackingId=jGqPv0ZhsUogkhiGMmYqSg%3D%3D
33,Volunteer Opportunities!,Hospice of North Carolina,"Bryson City, NC",https://www.linkedin.com/jobs/view/volunteer-opportunities%21-at-hospice-of-north-carolina-4155421333?position=34&pageNum=0&refId=BD8jd64lrDqDoNiRoVV9ZA%3D%3D&trackingId=D0uaTBTWmWbKkk6LpvTl6Q%3D%3D
34,Volunteer Opportunities!,Hospice of Chattanooga,"Chattanooga, TN",https://www.linkedin.com/jobs/view/volunteer-opportunities%21-at-hospice-of-chattanooga-4157217029?position=35&pageNum=0&refId=BD8jd64lrDqDoNiRoVV9ZA%3D%3D&trackingId=KoyIL3hYBRdkdWGAv5L5HA%3D%3D
35,Volunteer Coach - Athletics,Bradley-Bourbonnais Community High School District 307,"Bradley, IL",https://www.linkedin.com/jobs/view/volunteer-coach-athletics-at-bradley-bourbonnais-community-high-school-district-307-4157221710?position=36&pageNum=0&refId=BD8jd64lrDqDoNiRoVV9ZA%3D%3D&trackingId=QiUFCEzcyuf58FP0V%2F3Nfw%3D%3D
36,Volunteer Opportunities!,Hospice of Tennessee,"Chattanooga, TN",https://www.linkedin.com/jobs/view/volunteer-opportunities%21-at-hospice-of-tennessee-4155417825?position=37&pageNum=0&refId=BD8jd64lrDqDoNiRoVV9ZA%3D%3D&trackingId=S9uUjVEVjc34%2FVuVkAU72g%3D%3D
37,Volunteer Opportunities!,Hospice of Tennessee,"Cookeville, TN",https://www.linkedin.com/jobs/view/volunteer-opportunities%21-at-hospice-of-tennessee-4155424003?position=38&pageNum=0&refId=BD8jd64lrDqDoNiRoVV9ZA%3D%3D&trackingId=%2BkzMxnqK3VsBeJfcgZuDiQ%3D%3D
38,2025-26 Assistant Football Coach (Varsity Offensive Line) - Paradise Valley HS,Paradise Valley Unified School District,"Phoenix, AZ",https://www.linkedin.com/jobs/view/2025-26-assistant-football-coach-varsity-offensive-line-paradise-valley-hs-at-paradise-valley-unified-school-district-4159241737?position=39&pageNum=0&refId=BD8jd64lrDqDoNiRoVV9ZA%3D%3D&trackingId=wxxTbOZb78WSmLt35RfcRw%3D%3D
39,Volunteer Opportunities!,Frontier Hospice,"Oklahoma City, OK",https://www.linkedin.com/jobs/view/volunteer-opportunities%21-at-frontier-hospice-4157211721?position=40&pageNum=0&refId=BD8jd64lrDqDoNiRoVV9ZA%3D%3D&trackingId=dr1bA9KAmKrFcP8%2FgXA11g%3D%3D
40,"Coaching Volunteers-Softball, Basketball and Baseball",St. Andrew's Parks and Playground,"Charleston, SC",https://www.linkedin.com/jobs/view/coaching-volunteers-softball-basketball-and-baseball-at-st-andrew-s-parks-and-playground-4158918091?position=41&pageNum=0&refId=BD8jd64lrDqDoNiRoVV9ZA%3D%3D&trackingId=TCT7FkgwHU%2BWmM6HYSohtg%3D%3D
41,Volunteers Needed! (Hospice),Alpha Omega Hospice,"Crowley, TX",https://www.linkedin.com/jobs/view/volunteers-needed%21-hospice-at-alpha-omega-hospice-4156593717?position=42&pageNum=0&refId=BD8jd64lrDqDoNiRoVV9ZA%3D%3D&trackingId=kDjOvvOCz%2BdbbndxVnIbLg%3D%3D
42,Volunteer Opportunities!,Hospice of Chattanooga,"Jasper, TN",https://www.linkedin.com/jobs/view/volunteer-opportunities%21-at-hospice-of-chattanooga-4157215170?position=43&pageNum=0&refId=BD8jd64lrDqDoNiRoVV9ZA%3D%3D&trackingId=hZWTFWOSFv8J3dfWFHgHmg%3D%3D
43,AMC Food Distribution Volunteer Needed,Alliance Medical Center,"Healdsburg, CA",https://www.linkedin.com/jobs/view/amc-food-distribution-volunteer-needed-at-alliance-medical-center-4157228205?position=44&pageNum=0&refId=BD8jd64lrDqDoNiRoVV9ZA%3D%3D&trackingId=Z%2FGb2HzeNLdHlzJXnq4idA%3D%3D
44,Athletics Volunteer KY (ONGOING),Christian Academy School System,"Louisville, KY",https://www.linkedin.com/jobs/view/athletics-volunteer-ky-ongoing-at-christian-academy-school-system-4157236497?position=45&pageNum=0&refId=BD8jd64lrDqDoNiRoVV9ZA%3D%3D&trackingId=Oc37RdUOM909Ykl%2F6NX3lQ%3D%3D
45,Volunteers (Hospice),Frontier Hospice,"Shawnee, OK",https://www.linkedin.com/jobs/view/volunteers-hospice-at-frontier-hospice-4157216050?position=46&pageNum=0&refId=BD8jd64lrDqDoNiRoVV9ZA%3D%3D&trackingId=av6Vd5yhGxK%2B%2FEZrIydWAw%3D%3D
46,Bear Tavern Parents+ Volunteers,Hopewell Valley Regional School District,"Pennington, NJ",https://www.linkedin.com/jobs/view/bear-tavern-parents%2B-volunteers-at-hopewell-valley-regional-school-district-4157222532?position=47&pageNum=0&refId=BD8jd64lrDqDoNiRoVV9ZA%3D%3D&trackingId=q%2BqqfEqwTFovprRmxpTeVg%3D%3D
47,VOLUNTEER at Florence High School,FLORENCE UNIFIED SCHOOL DISTRICT,"Florence, AZ",https://www.linkedin.com/jobs/view/volunteer-at-florence-high-school-at-florence-unified-school-district-4158381606?position=48&pageNum=0&refId=BD8jd64lrDqDoNiRoVV9ZA%3D%3D&trackingId=wZK%2FQbI6w6nUze%2Be%2BTUThg%3D%3D
48,VOLUNTEERS 2024-2025 SCHOOL YEAR,Tucson Unified School District (TUSD1.org),"Tucson, AZ",https://www.linkedin.com/jobs/view/volunteers-2024-2025-school-year-at-tucson-unified-school-district-tusd1-org-4157224940?position=49&pageNum=0&refId=BD8jd64lrDqDoNiRoVV9ZA%3D%3D&trackingId=3jgTksOoLaEjzQh1L5hNig%3D%3D
49,CAI Volunteer,Christian Academy School System,"New Albany, IN",https://www.linkedin.com/jobs/view/cai-volunteer-at-christian-academy-school-system-4157238154?position=50&pageNum=0&refId=BD8jd64lrDqDoNiRoVV9ZA%3D%3D&trackingId=EIHGK4T4kAxpczNDtdVMig%3D%3D
50,Volunteer Opportunities!,Hospice of Tennessee,"Jasper, TN",https://www.linkedin.com/jobs/view/volunteer-opportunities%21-at-hospice-of-tennessee-4155419769?position=51&pageNum=0&refId=BD8jd64lrDqDoNiRoVV9ZA%3D%3D&trackingId=7ShoCQqC%2BZ2O3grdZdNN0g%3D%3D
51,24-25 SY Volunteer-Activities/Athletics,Deming Public Schools,"Deming, NM",https://www.linkedin.com/jobs/view/24-25-sy-volunteer-activities-athletics-at-deming-public-schools-4157231008?position=52&pageNum=0&refId=BD8jd64lrDqDoNiRoVV9ZA%3D%3D&trackingId=ByYVQHk8ftnxUretV4pGgw%3D%3D
52,Volunteer Opportunities!,Hospice of Tennessee,"Cleveland, TN",https://www.linkedin.com/jobs/view/volunteer-opportunities%21-at-hospice-of-tennessee-4155416881?position=53&pageNum=0&refId=BD8jd64lrDqDoNiRoVV9ZA%3D%3D&trackingId=KFVeXJuhZgdjuBzil0ybTg%3D%3D
53,"Volunteer: Sustainable Agriculture, Food Systems, and Conservation in the Galapagos Islands",Global Nomadic,"New York, NY",https://www.linkedin.com/jobs/view/volunteer-sustainable-agriculture-food-systems-and-conservation-in-the-galapagos-islands-at-global-nomadic-3803760748?position=54&pageNum=0&refId=BD8jd64lrDqDoNiRoVV9ZA%3D%3D&trackingId=ByuZ1uz8npSmAjammhaPYA%3D%3D
54,Volunteer Opportunities!,Legacy Hospice,"Newport News, VA",https://www.linkedin.com/jobs/view/volunteer-opportunities%21-at-legacy-hospice-4157211644?position=55&pageNum=0&refId=BD8jd64lrDqDoNiRoVV9ZA%3D%3D&trackingId=sdTBoupxi2iCQwZgT7%2B0kg%3D%3D
55,Volunteer Opportunities!,Legacy Hospice,"Richmond, VA",https://www.linkedin.com/jobs/view/volunteer-opportunities%21-at-legacy-hospice-4157210792?position=56&pageNum=0&refId=BD8jd64lrDqDoNiRoVV9ZA%3D%3D&trackingId=zZavcXH5UoEdIiXDUS2Myw%3D%3D
56,Volunteers (Hospice),Frontier Hospice,"Edmond, OK",https://www.linkedin.com/jobs/view/volunteers-hospice-at-frontier-hospice-4157215163?position=57&pageNum=0&refId=BD8jd64lrDqDoNiRoVV9ZA%3D%3D&trackingId=B25YOFWlfX9g64QkI96GfA%3D%3D
57,Volunteer (Coach),Bedford County Public Schools,"Bedford, VA",https://www.linkedin.com/jobs/view/volunteer-coach-at-bedford-county-public-schools-4157229199?position=58&pageNum=0&refId=BD8jd64lrDqDoNiRoVV9ZA%3D%3D&trackingId=RKJub%2BUC8ZRd9OSiR6LYxw%3D%3D
58,Volunteer Opportunities!,Hospice of Chattanooga,"Cleveland, TN",https://www.linkedin.com/jobs/view/volunteer-opportunities%21-at-hospice-of-chattanooga-4157211618?position=59&pageNum=0&refId=BD8jd64lrDqDoNiRoVV9ZA%3D%3D&trackingId=4JxwuYFw9z55%2Bdnjr%2FN9dg%3D%3D
59,Volunteer Opportunities,Kenaitze Indian Tribe,"Kenai, AK",https://www.linkedin.com/jobs/view/volunteer-opportunities-at-kenaitze-indian-tribe-4157220633?position=60&pageNum=0&refId=BD8jd64lrDqDoNiRoVV9ZA%3D%3D&trackingId=wKQWQsvkFSFj0McgR0Wmrw%3D%3D
60,Volunteer,City of Southfield,"Southfield, MI",https://www.linkedin.com/jobs/view/volunteer-at-city-of-southfield-4157221573?position=1&pageNum=2&refId=J5MxUlyzqqIFwyFYcLvGQw%3D%3D&trackingId=O7fGVdybCqhsYURr5h49Qw%3D%3D
61,Assistant Volunteer Swim Coach,OLYMPIA CUSD 16,"Stanford, IL",https://www.linkedin.com/jobs/view/assistant-volunteer-swim-coach-at-olympia-cusd-16-4158381307?position=2&pageNum=2&refId=J5MxUlyzqqIFwyFYcLvGQw%3D%3D&trackingId=hbeIQoyX%2BXrkyr0r%2BNK%2BXA%3D%3D
62,Track Assistant Coach,Meeting Street,"Providence, RI",https://www.linkedin.com/jobs/view/track-assistant-coach-at-meeting-street-4158959772?position=3&pageNum=2&refId=J5MxUlyzqqIFwyFYcLvGQw%3D%3D&trackingId=bGYZs4V%2BVYUIEVwa405fqg%3D%3D
63,Volunteer Ambassador,Capital One Hall,"Virginia, United States",https://www.linkedin.com/jobs/view/volunteer-ambassador-at-capital-one-hall-4158193000?position=4&pageNum=2&refId=J5MxUlyzqqIFwyFYcLvGQw%3D%3D&trackingId=ecKB6TomPtMtUIGmZrUH9Q%3D%3D
64,Middle School Volunteer Application,Equality Charter School,"Bronx, NY",https://www.linkedin.com/jobs/view/middle-school-volunteer-application-at-equality-charter-school-4157229061?position=5&pageNum=2&refId=J5MxUlyzqqIFwyFYcLvGQw%3D%3D&trackingId=wjNmjBLnO44hrY4MzX1T3Q%3D%3D
65,Ohio Village Muffins & Diamonds Vintage Base Ball Program Volunteer,Ohio History Connection,"Columbus, OH",https://www.linkedin.com/jobs/view/ohio-village-muffins-diamonds-vintage-base-ball-program-volunteer-at-ohio-history-connection-4158907523?position=6&pageNum=2&refId=J5MxUlyzqqIFwyFYcLvGQw%3D%3D&trackingId=TJUjZzQs74MMJ3E2AADRHQ%3D%3D
66,Volunteer Opportunities!,Hospice of North Carolina,"Andrews, NC",https://www.linkedin.com/jobs/view/volunteer-opportunities%21-at-hospice-of-north-carolina-4155423238?position=7&pageNum=2&refId=J5MxUlyzqqIFwyFYcLvGQw%3D%3D&trackingId=pbm0hqrZB7OvbziVW30Xbw%3D%3D
67,2025-26 Assistant Football Coach (Varsity Defensive Line) - Paradise Valley HS,Paradise Valley Unified School District,"Phoenix, AZ",https://www.linkedin.com/jobs/view/2025-26-assistant-football-coach-varsity-defensive-line-paradise-valley-hs-at-paradise-valley-unified-school-district-4159241735?position=8&pageNum=2&refId=J5MxUlyzqqIFwyFYcLvGQw%3D%3D&trackingId=xm8Ax9KWj5ijxqSX0wJ%2FMg%3D%3D
68,Volunteer Opportunities!,Hospice of North Carolina,"Bryson City, NC",https://www.linkedin.com/jobs/view/volunteer-opportunities%21-at-hospice-of-north-carolina-4155421333?position=9&pageNum=2&refId=J5MxUlyzqqIFwyFYcLvGQw%3D%3D&trackingId=2aB52zX%2FgVrHp%2BaBeJ3kWQ%3D%3D
69,Volunteer Opportunities!,Hospice of Chattanooga,"Chattanooga, TN",https://www.linkedin.com/jobs/view/volunteer-opportunities%21-at-hospice-of-chattanooga-4157217029?position=10&pageNum=2&refId=J5MxUlyzqqIFwyFYcLvGQw%3D%3D&trackingId=h6rj0IIP6777Ft80g8B%2FMg%3D%3D
70,Volunteer Opportunities!,Hospice of Tennessee,"Jasper, TN",https://www.linkedin.com/jobs/view/volunteer-opportunities%21-at-hospice-of-tennessee-4155419769?position=1&pageNum=5&refId=usKjbF0SzbqXau1b5pUjhA%3D%3D&trackingId=R5Dalq%2F9W46w0eUed%2FEPMQ%3D%3D
71,24-25 SY Volunteer-Activities/Athletics,Deming Public Schools,"Deming, NM",https://www.linkedin.com/jobs/view/24-25-sy-volunteer-activities-athletics-at-deming-public-schools-4157231008?position=2&pageNum=5&refId=usKjbF0SzbqXau1b5pUjhA%3D%3D&trackingId=WF0VDNAwlnuuY5TBBMblDQ%3D%3D
72,Volunteer Opportunities!,Hospice of Tennessee,"Cleveland, TN",https://www.linkedin.com/jobs/view/volunteer-opportunities%21-at-hospice-of-tennessee-4155416881?position=3&pageNum=5&refId=usKjbF0SzbqXau1b5pUjhA%3D%3D&trackingId=F1CcDK8uHA9Ja6isr0s9Yg%3D%3D
73,"Volunteer: Sustainable Agriculture, Food Systems, and Conservation in the Galapagos Islands",Global Nomadic,"New York, NY",https://www.linkedin.com/jobs/view/volunteer-sustainable-agriculture-food-systems-and-conservation-in-the-galapagos-islands-at-global-nomadic-3803760748?position=4&pageNum=5&refId=usKjbF0SzbqXau1b5pUjhA%3D%3D&trackingId=c%2BjTySR%2BORW%2BQHdSLb4SsA%3D%3D
74,Volunteer Opportunities!,Legacy Hospice,"Newport News, VA",https://www.linkedin.com/jobs/view/volunteer-opportunities%21-at-legacy-hospice-4157211644?position=5&pageNum=5&refId=usKjbF0SzbqXau1b5pUjhA%3D%3D&trackingId=RjL61Rg3EQe%2BEiXU4X5%2BfA%3D%3D
75,Volunteer Opportunities!,Legacy Hospice,"Richmond, VA",https://www.linkedin.com/jobs/view/volunteer-opportunities%21-at-legacy-hospice-4157210792?position=6&pageNum=5&refId=usKjbF0SzbqXau1b5pUjhA%3D%3D&trackingId=6%2FgZRtmrfnJtMzjtbIbI4w%3D%3D
76,Volunteers (Hospice),Frontier Hospice,"Edmond, OK",https://www.linkedin.com/jobs/view/volunteers-hospice-at-frontier-hospice-4157215163?position=7&pageNum=5&refId=usKjbF0SzbqXau1b5pUjhA%3D%3D&trackingId=kacS6pXQwyJvT59CPAmL7w%3D%3D
77,Volunteer (Coach),Bedford County Public Schools,"Bedford, VA",https://www.linkedin.com/jobs/view/volunteer-coach-at-bedford-county-public-schools-4157229199?position=8&pageNum=5&refId=usKjbF0SzbqXau1b5pUjhA%3D%3D&trackingId=2DZJC9MkGpJnfWVBUojlkg%3D%3D
78,Volunteer Opportunities!,Hospice of Chattanooga,"Cleveland, TN",https://www.linkedin.com/jobs/view/volunteer-opportunities%21-at-hospice-of-chattanooga-4157211618?position=9&pageNum=5&refId=usKjbF0SzbqXau1b5pUjhA%3D%3D&trackingId=DXLX5yksTkDu7y3WmUJaQQ%3D%3D
79,Volunteer Opportunities,Kenaitze Indian Tribe,"Kenai, AK",https://www.linkedin.com/jobs/view/volunteer-opportunities-at-kenaitze-indian-tribe-4157220633?position=10&pageNum=5&refId=usKjbF0SzbqXau1b5pUjhA%3D%3D&trackingId=51nM%2BP5jjdHPEeuZ1Y74yg%3D%3D
80,Volunteers (Hospice),Legacy Hospice,"Harrisonburg, VA",https://www.linkedin.com/jobs/view/volunteers-hospice-at-legacy-hospice-4157211643?position=1&pageNum=7&refId=jtNCLJOj%2Fa6pcANlqwYJag%3D%3D&trackingId=NnfO7kichcuwad9NlDGh8g%3D%3D
81,Volunteer Opportunities!,Altus Hospice Care,"Georgetown, TX",https://www.linkedin.com/jobs/view/volunteer-opportunities%21-at-altus-hospice-care-4156597192?position=2&pageNum=7&refId=jtNCLJOj%2Fa6pcANlqwYJag%3D%3D&trackingId=Z3IDu1sjZvwnoQxBEenoJQ%3D%3D
82,Volunteer: Human Rights Placement in Buenos Aires,Global Nomadic,"New York, NY",https://www.linkedin.com/jobs/view/volunteer-human-rights-placement-in-buenos-aires-at-global-nomadic-3803766147?position=3&pageNum=7&refId=jtNCLJOj%2Fa6pcANlqwYJag%3D%3D&trackingId=RGWErUXZ%2FNLeaxqfaNbwwg%3D%3D
83,Volunteer for 2024-2025 School Year,Apache Junction Unified School District,"Apache Junction, AZ",https://www.linkedin.com/jobs/view/volunteer-for-2024-2025-school-year-at-apache-junction-unified-school-district-4157219713?position=4&pageNum=7&refId=jtNCLJOj%2Fa6pcANlqwYJag%3D%3D&trackingId=MYbsWi3z%2BJcm5s2%2BCOrLTw%3D%3D
84,Tier III Volunteer,Chandler Unified School District,"Chandler, AZ",https://www.linkedin.com/jobs/view/tier-iii-volunteer-at-chandler-unified-school-district-4157229390?position=5&pageNum=7&refId=jtNCLJOj%2Fa6pcANlqwYJag%3D%3D&trackingId=NlVOAei2Ugkzn2ICSaiRjQ%3D%3D
85,Seasonal Event Attendant Hiring Event - American Family Field (2025 Brewers Season),Interstate Parking Company,"Milwaukee, WI",https://www.linkedin.com/jobs/view/seasonal-event-attendant-hiring-event-american-family-field-2025-brewers-season-at-interstate-parking-company-4159262413?position=6&pageNum=7&refId=jtNCLJOj%2Fa6pcANlqwYJag%3D%3D&trackingId=oiPav1pl%2FADT6%2FpV%2BLVbCA%3D%3D
86,Volunteers Needed (Hospice),Hospice of New Mexico,"Albuquerque, NM",https://www.linkedin.com/jobs/view/volunteers-needed-hospice-at-hospice-of-new-mexico-4158197058?position=7&pageNum=7&refId=jtNCLJOj%2Fa6pcANlqwYJag%3D%3D&trackingId=eCDRtEwpA3XArQ0oxp1gMQ%3D%3D
87,VOLUNTEER Transport Aide,Riverview Health,"Crookston, MN",https://www.linkedin.com/jobs/view/volunteer-transport-aide-at-riverview-health-4157224615?position=8&pageNum=7&refId=jtNCLJOj%2Fa6pcANlqwYJag%3D%3D&trackingId=M%2F86mvBSmBgUWGUB3%2BMWqg%3D%3D
88,Bowling Assistant Coach,Hillsboro School District,"Oregon City, OR",https://www.linkedin.com/jobs/view/bowling-assistant-coach-at-hillsboro-school-district-4158383367?position=9&pageNum=7&refId=jtNCLJOj%2Fa6pcANlqwYJag%3D%3D&trackingId=oY0f%2Bji13zFtHbqmGJrMYw%3D%3D
89,24-25 SY Volunteer-Columbus Elem.,Deming Public Schools,"Deming, NM",https://www.linkedin.com/jobs/view/24-25-sy-volunteer-columbus-elem-at-deming-public-schools-4157223931?position=10&pageNum=7&refId=jtNCLJOj%2Fa6pcANlqwYJag%3D%3D&trackingId=VPIhHylrX8HeRPBZRrVk5Q%3D%3D
90,Volunteer: Food Shop Project in Vietnam,Global Nomadic,"New York, NY",https://www.linkedin.com/jobs/view/volunteer-food-shop-project-in-vietnam-at-global-nomadic-3803762706?position=1&pageNum=10&refId=p5uBVFy%2BltUtiplJ61OUvw%3D%3D&trackingId=jkPU%2FQNEVUJp1XW%2Biu4pEg%3D%3D
91,Historic Pullman Visitor Services,Historic Pullman Foundation,"Chicago, IL",https://www.linkedin.com/jobs/view/historic-pullman-visitor-services-at-historic-pullman-foundation-4158875718?position=2&pageNum=10&refId=p5uBVFy%2BltUtiplJ61OUvw%3D%3D&trackingId=r7GN33vIcPXrvgj5Qr9NuQ%3D%3D
92,Volunteer: Health for All: Educating Communities for a Better Tomorrow in Bali,Global Nomadic,"New York, NY",https://www.linkedin.com/jobs/view/volunteer-health-for-all-educating-communities-for-a-better-tomorrow-in-bali-at-global-nomadic-3803759967?position=3&pageNum=10&refId=p5uBVFy%2BltUtiplJ61OUvw%3D%3D&trackingId=ztNdMZmUz58omQUWgjIvPA%3D%3D
93,Volunteer Coach,Queen Creek Unified School District,"Mesa, AZ",https://www.linkedin.com/jobs/view/volunteer-coach-at-queen-creek-unified-school-district-3937773133?position=4&pageNum=10&refId=p5uBVFy%2BltUtiplJ61OUvw%3D%3D&trackingId=L3kiARiBMLV0pWZAZKVNYA%3D%3D
94,EVS AIDE,LifeBridge Health,"Westminster, MD",https://www.linkedin.com/jobs/view/evs-aide-at-lifebridge-health-4158969283?position=5&pageNum=10&refId=p5uBVFy%2BltUtiplJ61OUvw%3D%3D&trackingId=8p4pcg5w6egqNEbuo98eUQ%3D%3D
